{
    "info": {
        "year": "2021",
        "version": "3",
        "description": "Exported from roboflow.ai",
        "contributor": "",
        "url": "https://public.roboflow.ai/object-detection/undefined",
        "date_created": "2021-11-26T04:57:58+00:00"
    },
    "licenses": [
        {
            "id": 1,
            "url": "https://creativecommons.org/licenses/by/4.0/",
            "name": "CC BY 4.0"
        }
    ],
    "categories": [
        {
            "id": 0,
            "name": "Object",
            "supercategory": "none"
        },
        {
            "id": 1,
            "name": "bike",
            "supercategory": "Object"
        },
        {
            "id": 2,
            "name": "car",
            "supercategory": "Object"
        },
        {
            "id": 3,
            "name": "person",
            "supercategory": "Object"
        },
        {
            "id": 4,
            "name": "scooter",
            "supercategory": "Object"
        }
    ],
    "images": [
        {
            "id": 0,
            "license": 1,
            "file_name": "MP_SEL_095755_jpg.rf.54b730d47ebf33ed5acdfbaffbc4ffdd.jpg",
            "height": 1080,
            "width": 1920,
            "date_captured": "2021-11-26T04:57:58+00:00"
        },
        {
            "id": 1,
            "license": 1,
            "file_name": "MP_SEL_095752_jpg.rf.a6ce3b22b6f9bb74329ba2dcd64df2c0.jpg",
            "height": 1080,
            "width": 1920,
            "date_captured": "2021-11-26T04:57:58+00:00"
        },
        {
            "id": 2,
            "license": 1,
            "file_name": "MP_SEL_095754_jpg.rf.0018bb222b33a1589517f7fcfd9ec118.jpg",
            "height": 1080,
            "width": 1920,
            "date_captured": "2021-11-26T04:57:58+00:00"
        },
        {
            "id": 3,
            "license": 1,
            "file_name": "MP_SEL_095760_jpg.rf.1667e4be8dc54c1b67cff6292c7fefa6.jpg",
            "height": 1080,
            "width": 1920,
            "date_captured": "2021-11-26T04:57:58+00:00"
        },
        {
            "id": 4,
            "license": 1,
            "file_name": "MP_SEL_095757_jpg.rf.f32ca9c1b6da56e6fdcb2b8575d0416c.jpg",
            "height": 1080,
            "width": 1920,
            "date_captured": "2021-11-26T04:57:58+00:00"
        },
        {
            "id": 5,
            "license": 1,
            "file_name": "MP_SEL_095753_jpg.rf.fe6925160b2c56557cac15c76b19cc23.jpg",
            "height": 1080,
            "width": 1920,
            "date_captured": "2021-11-26T04:57:58+00:00"
        },
        {
            "id": 6,
            "license": 1,
            "file_name": "MP_SEL_095758_jpg.rf.aee8c8919b2fbc007427e0c046f90e66.jpg",
            "height": 1080,
            "width": 1920,
            "date_captured": "2021-11-26T04:57:58+00:00"
        }
    ],
    "annotations": [
        {
            "id": 0,
            "image_id": 0,
            "category_id": 2,
            "bbox": [
                1235,
                423,
                53,
                91
            ],
            "area": 4823,
            "segmentation": [],
            "iscrowd": 0
        },
        {
            "id": 1,
            "image_id": 0,
            "category_id": 2,
            "bbox": [
                1161,
                469,
                51,
                27
            ],
            "area": 1377,
            "segmentation": [],
            "iscrowd": 0
        },
        {
            "id": 2,
            "image_id": 0,
            "category_id": 2,
            "bbox": [
                1265,
                434,
                103,
                118
            ],
            "area": 12154,
            "segmentation": [],
            "iscrowd": 0
        },
        {
            "id": 3,
            "image_id": 0,
            "category_id": 2,
            "bbox": [
                1033,
                467,
                76,
                71
            ],
            "area": 5396,
            "segmentation": [],
            "iscrowd": 0
        },
        {
            "id": 4,
            "image_id": 0,
            "category_id": 2,
            "bbox": [
                941,
                471,
                116,
                91
            ],
            "area": 10556,
            "segmentation": [],
            "iscrowd": 0
        },
        {
            "id": 5,
            "image_id": 0,
            "category_id": 2,
            "bbox": [
                1288,
                463,
                105,
                125
            ],
            "area": 13125,
            "segmentation": [],
            "iscrowd": 0
        },
        {
            "id": 6,
            "image_id": 0,
            "category_id": 2,
            "bbox": [
                779,
                490,
                156,
                128
            ],
            "area": 19968,
            "segmentation": [],
            "iscrowd": 0
        },
        {
            "id": 7,
            "image_id": 0,
            "category_id": 2,
            "bbox": [
                923,
                533,
                54,
                54
            ],
            "area": 2916,
            "segmentation": [],
            "iscrowd": 0
        },
        {
            "id": 8,
            "image_id": 0,
            "category_id": 2,
            "bbox": [
                1322,
                466,
                199,
                204
            ],
            "area": 40596,
            "segmentation": [],
            "iscrowd": 0
        },
        {
            "id": 9,
            "image_id": 0,
            "category_id": 2,
            "bbox": [
                345,
                483,
                514,
                195
            ],
            "area": 100230,
            "segmentation": [],
            "iscrowd": 0
        },
        {
            "id": 10,
            "image_id": 0,
            "category_id": 2,
            "bbox": [
                1395,
                419,
                522,
                498
            ],
            "area": 259956,
            "segmentation": [],
            "iscrowd": 0
        },
        {
            "id": 11,
            "image_id": 1,
            "category_id": 2,
            "bbox": [
                1202,
                411,
                41,
                42
            ],
            "area": 1722,
            "segmentation": [],
            "iscrowd": 0
        },
        {
            "id": 12,
            "image_id": 1,
            "category_id": 2,
            "bbox": [
                1275,
                406,
                115,
                72
            ],
            "area": 8280,
            "segmentation": [],
            "iscrowd": 0
        },
        {
            "id": 13,
            "image_id": 2,
            "category_id": 2,
            "bbox": [
                1032,
                343,
                38,
                35
            ],
            "area": 1330,
            "segmentation": [],
            "iscrowd": 0
        },
        {
            "id": 14,
            "image_id": 2,
            "category_id": 2,
            "bbox": [
                949,
                347,
                39,
                34
            ],
            "area": 1326,
            "segmentation": [],
            "iscrowd": 0
        },
        {
            "id": 15,
            "image_id": 2,
            "category_id": 2,
            "bbox": [
                928,
                347,
                35,
                41
            ],
            "area": 1435,
            "segmentation": [],
            "iscrowd": 0
        },
        {
            "id": 16,
            "image_id": 2,
            "category_id": 2,
            "bbox": [
                1281,
                304,
                383,
                170
            ],
            "area": 65110,
            "segmentation": [],
            "iscrowd": 0
        },
        {
            "id": 17,
            "image_id": 2,
            "category_id": 2,
            "bbox": [
                1161,
                369,
                28,
                41
            ],
            "area": 1148,
            "segmentation": [],
            "iscrowd": 0
        },
        {
            "id": 18,
            "image_id": 2,
            "category_id": 2,
            "bbox": [
                549,
                367,
                216,
                144
            ],
            "area": 31104,
            "segmentation": [],
            "iscrowd": 0
        },
        {
            "id": 19,
            "image_id": 3,
            "category_id": 3,
            "bbox": [
                1336,
                356,
                18,
                31
            ],
            "area": 558,
            "segmentation": [],
            "iscrowd": 0
        },
        {
            "id": 20,
            "image_id": 3,
            "category_id": 3,
            "bbox": [
                1271,
                357,
                31,
                41
            ],
            "area": 1271,
            "segmentation": [],
            "iscrowd": 0
        },
        {
            "id": 21,
            "image_id": 3,
            "category_id": 3,
            "bbox": [
                1042,
                360,
                19,
                41
            ],
            "area": 779,
            "segmentation": [],
            "iscrowd": 0
        },
        {
            "id": 22,
            "image_id": 3,
            "category_id": 3,
            "bbox": [
                999,
                359,
                15,
                45
            ],
            "area": 675,
            "segmentation": [],
            "iscrowd": 0
        },
        {
            "id": 23,
            "image_id": 3,
            "category_id": 3,
            "bbox": [
                1182,
                371,
                11,
                22
            ],
            "area": 242,
            "segmentation": [],
            "iscrowd": 0
        },
        {
            "id": 24,
            "image_id": 3,
            "category_id": 2,
            "bbox": [
                3,
                374,
                78,
                87
            ],
            "area": 6786,
            "segmentation": [],
            "iscrowd": 0
        },
        {
            "id": 25,
            "image_id": 3,
            "category_id": 2,
            "bbox": [
                271,
                393,
                135,
                55
            ],
            "area": 7425,
            "segmentation": [],
            "iscrowd": 0
        },
        {
            "id": 26,
            "image_id": 3,
            "category_id": 2,
            "bbox": [
                38,
                391,
                322,
                101
            ],
            "area": 32522,
            "segmentation": [],
            "iscrowd": 0
        },
        {
            "id": 27,
            "image_id": 3,
            "category_id": 2,
            "bbox": [
                211,
                396,
                454,
                145
            ],
            "area": 65830,
            "segmentation": [],
            "iscrowd": 0
        },
        {
            "id": 28,
            "image_id": 4,
            "category_id": 2,
            "bbox": [
                1222,
                360,
                62,
                92
            ],
            "area": 5704,
            "segmentation": [],
            "iscrowd": 0
        },
        {
            "id": 29,
            "image_id": 4,
            "category_id": 2,
            "bbox": [
                1078,
                393,
                51,
                65
            ],
            "area": 3315,
            "segmentation": [],
            "iscrowd": 0
        },
        {
            "id": 30,
            "image_id": 4,
            "category_id": 2,
            "bbox": [
                1101,
                379,
                146,
                111
            ],
            "area": 16206,
            "segmentation": [],
            "iscrowd": 0
        },
        {
            "id": 31,
            "image_id": 4,
            "category_id": 2,
            "bbox": [
                762,
                427,
                88,
                97
            ],
            "area": 8536,
            "segmentation": [],
            "iscrowd": 0
        },
        {
            "id": 32,
            "image_id": 5,
            "category_id": 4,
            "bbox": [
                1005,
                619,
                89,
                118
            ],
            "area": 10502,
            "segmentation": [],
            "iscrowd": 0
        },
        {
            "id": 33,
            "image_id": 5,
            "category_id": 3,
            "bbox": [
                406,
                650,
                22,
                58
            ],
            "area": 1276,
            "segmentation": [],
            "iscrowd": 0
        },
        {
            "id": 34,
            "image_id": 5,
            "category_id": 2,
            "bbox": [
                1,
                664,
                385,
                254
            ],
            "area": 97790,
            "segmentation": [],
            "iscrowd": 0
        },
        {
            "id": 35,
            "image_id": 6,
            "category_id": 2,
            "bbox": [
                1826,
                126,
                94,
                57
            ],
            "area": 5358,
            "segmentation": [],
            "iscrowd": 0
        },
        {
            "id": 36,
            "image_id": 6,
            "category_id": 2,
            "bbox": [
                908,
                174,
                156,
                65
            ],
            "area": 10140,
            "segmentation": [],
            "iscrowd": 0
        },
        {
            "id": 37,
            "image_id": 6,
            "category_id": 2,
            "bbox": [
                1193,
                190,
                229,
                72
            ],
            "area": 16488,
            "segmentation": [],
            "iscrowd": 0
        },
        {
            "id": 38,
            "image_id": 6,
            "category_id": 2,
            "bbox": [
                183,
                221,
                181,
                57
            ],
            "area": 10317,
            "segmentation": [],
            "iscrowd": 0
        }
    ]
}